id,firstname,lastname,age
1,Sami,RZIGUI,11
2,Omar,BEN SAID,28
3,Amine,BEN SAID,33
4,Maya,BESBES,29
5,Sami,AMMOUS,8
6,Hassan,RZIGUI,54
7,Sarah,MAHJOUB,17
8,Rami,MANSOURI,20
9,Khaled,TRABELSI,33
10,Sami,GHRIBI,34
11,Omar,BESBES,13
12,Khaled,TRABELSI,58
13,Omar,MANSOURI,3
14,Khaled,BEN SAID,9
15,Sarah,RZIGUI,23
16,Nour,KHEDHIRI,60
17,Sarah,BEN SAID,54
18,Sami,RZIGUI,52
19,Youssef,TRABELSI,27
20,Amine,AMMOUS,16
21,Amine,KHEDHIRI,48
22,Nour,AMMOUS,24
23,Hassan,JEMAI,23
24,Omar,AMMOUS,9
25,Omar,GHRIBI,25
26,Rami,AMMOUS,36
27,Nour,JEMAI,9
28,Maya,JEMAI,42
29,Maya,BEN SAID,59
30,Youssef,AMMOUS,38
31,Amine,GHRIBI,6
32,Rami,MAHJOUB,40
33,Nour,JEMAI,5
34,Khaled,AMMOUS,49
35,Sarah,MANSOURI,54
36,Youssef,MANSOURI,50
37,Sarah,AMMOUS,21
38,Rami,BESBES,56
39,Sarah,MANSOURI,35
40,Youssef,RZIGUI,23
41,Omar,MANSOURI,17
42,Sarah,JEMAI,3
43,Youssef,MANSOURI,49
44,Sarah,TRABELSI,28
45,Maya,KHEDHIRI,36
46,Rami,AMMOUS,57
47,Khaled,KHEDHIRI,8
48,Youssef,MAHJOUB,35
49,Khaled,BESBES,34
50,Sarah,GHRIBI,46
51,Hassan,BEN SAID,20
52,Khaled,MAHJOUB,37
53,Amine,GHRIBI,53
54,Amine,KHEDHIRI,42
55,Youssef,BESBES,25
56,Amine,RZIGUI,30
57,Amine,GHRIBI,39
58,Sami,AMMOUS,1
59,Omar,TRABELSI,34
60,Youssef,GHRIBI,1
61,Maya,AMMOUS,21
62,Sarah,MANSOURI,39
63,Sami,MAHJOUB,44
64,Youssef,BESBES,46
65,Amine,GHRIBI,56
66,Omar,AMMOUS,53
67,Rami,BESBES,37
68,Sami,MAHJOUB,55
69,Omar,MAHJOUB,41
70,Maya,MANSOURI,38
71,Hassan,TRABELSI,22
72,Omar,BESBES,60
73,Khaled,TRABELSI,53
74,Maya,MANSOURI,45
75,Nour,AMMOUS,12
76,Maya,BEN SAID,35
77,Hassan,RZIGUI,3
78,Youssef,BEN SAID,9
79,Maya,BEN SAID,17
80,Nour,GHRIBI,19
81,Sami,MANSOURI,57
82,Rami,RZIGUI,7
83,Sarah,KHEDHIRI,14
84,Omar,GHRIBI,12
85,Youssef,BEN SAID,14
86,Omar,MAHJOUB,28
87,Rami,GHRIBI,50
88,Amine,JEMAI,44
89,Nour,KHEDHIRI,57
90,Omar,RZIGUI,9
91,Sarah,KHEDHIRI,9
92,Khaled,AMMOUS,5
93,Hassan,AMMOUS,15
94,Youssef,BESBES,19
95,Maya,TRABELSI,36
96,Sami,BEN SAID,10
97,Maya,RZIGUI,54
98,Nour,MAHJOUB,49
99,Sami,BESBES,30
100,Khaled,TRABELSI,14
